record_id,family,quantity_name,record_type,book,printed_page,pdf_page,figure,source_status,attribution_class,attributed_person_or_source,source_value,source_unit,secondary_value,secondary_unit,relation,pi_convention,prediction_status,v0_5_geometry_reference,previously_used_in_development,evaluable_from_v0_5,notes
CORE-001,earth_moon_core,earth_diameter,dimension,City of Revelation,62,64,11,stated_exact,michell_stated,,7920,mile,,,Earth diameter = 7920 miles,,construction_input,EARTH_SQUARE / earth diameter,true,true,Direct source dimension used to define the normalized core; agreement is not a prediction.
CORE-002,earth_moon_core,moon_diameter,dimension,City of Revelation,62,64,11,stated_exact,michell_stated,,2160,mile,,,Moon diameter = 2160 miles,,construction_input,MOON_GROUPS_4X3 / Moon diameter,true,true,Direct source dimension used to define the normalized core; agreement is not a prediction.
CORE-003,earth_moon_core,combined_earth_moon_radii,dimension,City of Revelation,62,64,11,stated_exact,michell_stated,,5040,mile,,,3960 mile Earth radius + 1080 mile Moon radius = 5040 miles,,construction_identity,CONSTRUCTION_CIRCLE / radius,true,true,Algebraic consequence of the two source-imposed diameters; defines the construction-circle radius.
CORE-004,earth_moon_core,earth_square_perimeter,dimension,City of Revelation,62,64,11,stated_exact,michell_stated,,31680,mile,,,4 × 7920 mile Earth-square side = 31680 miles,,construction_identity,EARTH_SQUARE / perimeter,true,true,Exact square-perimeter arithmetic from the source-imposed Earth diameter.
CORE-005,earth_moon_core,construction_circle_circumference_22_over_7,conventional_relation,City of Revelation,61-62,63-64,11,conventional_exact,michell_stated,,31680,mile,,,2 × (22/7) × 5040 miles = 31680 miles,22/7,construction_identity,CONSTRUCTION_CIRCLE / circumference,true,true,Exact only under Michell's explicit pi = 22/7 convention; must be compared separately with Euclidean pi.
SCALE-001,new_jerusalem_scale,earth_model_scale,unit_definition,City of Revelation,32,34,,stated_exact,michell_stated,,1,foot,1,mile,New Jerusalem Earth model scale = 1 foot : 1 mile,,unit_definition,EARTH_SQUARE / dimensional scale,true,true,Explicit scale relation; dimensional agreement generated solely by this scale is not a prediction.
SCALE-002,new_jerusalem_scale,new_jerusalem_square_side,dimension,City of Revelation,37,39,2,stated_exact,michell_stated,,7920,foot,12,furlong,New Jerusalem square side = 12 furlongs = 7920 feet,,construction_input,EARTH_SQUARE / side,true,true,Dimensional form of the source scale applied to the Earth-square side.
UNIT-001,metrological_unit,megalithic_yard,unit_definition,City of Revelation,104,106,,stated_exact,michell_adopts_external,Alexander Thom,2.72,foot,1,megalithic_yard,1 megalithic yard = 2.72 feet,,unit_definition,,true,true,"Michell attributes discovery of the prehistoric unit to A. Thom. The registry records Michell's adopted value, not independent verification of Thom's metrology."
UNIT-002,metrological_unit,sumerian_foot,unit_definition,City of Revelation,32,34,,stated_exact,michell_adopts_external,"A. E. Berriman, Historical Metrology",13.2,inch,1.1,foot,1 Sumerian foot = 13.2 inches = 1.1 English feet,,unit_definition,,false,true,Michell explicitly attributes the numerical value to Berriman. Registry scope is Michell's adoption of that value.
UNIT-003,metrological_unit,new_jerusalem_stadion,unit_definition,City of Revelation,32,34,,stated_exact,michell_stated,,600,sumerian_foot,660,foot,1 stadion = 600 Sumerian feet = 660 English feet = 1 furlong,,unit_definition,,false,true,Michell's New Jerusalem metrological convention derived using his adopted Sumerian-foot value.
UNIT-004,metrological_unit,new_jerusalem_cubit,unit_definition,City of Revelation,32,34,,stated_exact,michell_stated,,1.728,foot,1,cubit,1 New Jerusalem cubit = 1.728 feet,,unit_definition,,false,true,Michell explicitly adopts 1.728 ft for the New Jerusalem cubit while noting a normal Egyptian royal-cubit range near 1.718-1.72 ft.
WALL12-001,figure12_wall,mean_wall_side,dimension,City of Revelation,63,65,12,stated_approximate,michell_stated,,3264,foot,1200,megalithic_yard,Mean wall side is very close to 3264 feet or 1200 MY,,development_used_target,POLAR_PIVOT_WALL / mean side length,true,true,Earlier Figure 12 mean-side target was already available during wall reconstruction work; later residual is retrospective.
WALL12-002,figure12_wall,wall_perimeter_in_megalithic_yards,dimension,City of Revelation,63,65,12,stated_approximate,michell_stated,,14400,megalithic_yard,,,12 × 1200 MY mean side = 14400 MY perimeter,,construction_identity,POLAR_PIVOT_WALL / perimeter,true,true,Source says 'in this case'; arithmetic consequence of the source's approximate 1200 MY mean-side value.
WALL12-003,figure12_wall,wall_area,dimension,City of Revelation,63,65,12,stated_approximate,michell_stated,,120000000,square_foot,,,Area of complete Figure 12 is approximately 120 million square feet,,development_used_target,POLAR_PIVOT_WALL / enclosed area,true,true,Historical area target was already used in assessment of the preferred wall reconstruction.
SOMM-001,sommerville_wall,polar_wall_side,dimension,How the World Is Made,34,52,30,reported_approximate,michell_reports_other,Ian Sommerville,3280,foot,4,dimensionless,Four longer polar sides = approximately 3280 feet each,,development_used_target,POLAR_PIVOT_WALL / polar side class,true,true,Used during development/selection of the preferred wall; must not later be presented as independent prediction.
SOMM-002,sommerville_wall,oblique_wall_side,dimension,How the World Is Made,34,52,30,reported_approximate,michell_reports_other,Ian Sommerville,3270,foot,8,dimensionless,Eight shorter oblique sides = approximately 3270 feet each,,development_used_target,POLAR_PIVOT_WALL / oblique side class,true,true,Used during development/selection of the preferred wall; must not later be presented as independent prediction.
SOMM-003,sommerville_wall,wall_area,dimension,How the World Is Made,34,52,30,reported_approximate,michell_reports_other,Ian Sommerville,120000000,square_foot,,,Irregular dodecagon area is close to 120000000 square feet,,development_used_target,POLAR_PIVOT_WALL / enclosed area,true,true,Same broad area target already present in City of Revelation and used in wall assessment.
SOMM-004,sommerville_wall,working_tolerance,tolerance,How the World Is Made,34,52,30,reported_approximate,michell_reports_other,Ian Sommerville,1,dimensionless,2500,dimensionless,Working tolerance = 1:2500,,descriptive_correspondence,,true,true,Historical analysis tolerance; it is not a fitted v0.6 threshold and must not be tuned after residuals are seen.
SOMM-005,sommerville_wall,wall_perimeter_old_english_foot,dimension,How the World Is Made,34,52,30,reported_approximate,michell_reports_other,Ian Sommerville,36000,old_english_foot,,,Wall perimeter is virtually 36000 old-English feet,,development_used_target,POLAR_PIVOT_WALL / perimeter,true,true,Used during development/assessment of the preferred wall; comparison must use the separately registered 12:11 conversion.
SOMM-006,sommerville_wall,old_english_to_current_foot_ratio,unit_definition,How the World Is Made,34,52,30,reported_approximate,michell_reports_other,Ian Sommerville,12,old_english_foot,11,current_foot,Old-English foot relates 12:11 to the current foot,,unit_definition,,true,true,Source-reported conversion used to express the wall perimeter; not a prediction.
DECAGON-001,sommerville_decagon,decagon_radius_long,dimension,How the World Is Made,34,52,30,reported_approximate,michell_reports_other,Ian Sommerville,6336,foot,,,One of the two radii to the decagon = 6336 feet,,not_evaluable_from_v0_5,,false,false,"Registered to prevent cherry-picking, but the signed v0.5 composite contains no explicit decagon object."
DECAGON-002,sommerville_decagon,decagon_radius_short,dimension,How the World Is Made,34,52,30,reported_approximate,michell_reports_other,Ian Sommerville,6300,foot,,,One of the two radii to the decagon = 6300 feet,,not_evaluable_from_v0_5,,false,false,"Registered to prevent cherry-picking, but the signed v0.5 composite contains no explicit decagon object."
DECAGON-003,sommerville_decagon,decagon_radii_ratio,ratio,How the World Is Made,34,52,30,reported_approximate,michell_reports_other,Ian Sommerville,176,dimensionless,175,dimensionless,6336:6300 = 176:175,,not_evaluable_from_v0_5,,false,false,Source relation is recorded even though the corresponding decagon geometry is outside v0.5.
DECAGON-004,sommerville_decagon,long_decagon_radius_fraction_of_cosmological_circumference,conventional_relation,How the World Is Made,34,52,30,reported_approximate,michell_reports_other,Ian Sommerville,6336,foot,31680,foot,6336 is one fifth of 31680,,not_evaluable_from_v0_5,,false,false,"Arithmetic relation is source-reported, but its decagon interpretation is not evaluable from the frozen v0.5 object set."
