pass_id,sequence_index,observation_id,category,object_id,sample_index,description,model_x,model_y,registration_default,pixel_x,pixel_y,source_image,source_image_sha256,image_width_pixels,image_height_pixels
pass-03,0,square_corner_top_left,square_corner,square_corner_top_left,1,Earth-square corner: top left,-5.5,5.5,true,367.32812630520516,368.12104193529285,data/working/figure12/city_of_revelation_page_065.png,4f9ab63b94ac4c1a2ce2fe5217c2cb0542a6df77e30eb1f272f5c6f2c3d650d6,1512,2327
pass-03,1,square_corner_top_right,square_corner,square_corner_top_right,1,Earth-square corner: top right,5.5,5.5,true,1152.6387749259256,375.82016594137838,data/working/figure12/city_of_revelation_page_065.png,4f9ab63b94ac4c1a2ce2fe5217c2cb0542a6df77e30eb1f272f5c6f2c3d650d6,1512,2327
pass-03,2,square_corner_bottom_right,square_corner,square_corner_bottom_right,1,Earth-square corner: bottom right,5.5,-5.5,true,1140.5401514877913,1168.8299385681842,data/working/figure12/city_of_revelation_page_065.png,4f9ab63b94ac4c1a2ce2fe5217c2cb0542a6df77e30eb1f272f5c6f2c3d650d6,1512,2327
pass-03,3,square_corner_bottom_left,square_corner,square_corner_bottom_left,1,Earth-square corner: bottom left,-5.5,-5.5,true,356.32937772508296,1162.2306894201108,data/working/figure12/city_of_revelation_page_065.png,4f9ab63b94ac4c1a2ce2fe5217c2cb0542a6df77e30eb1f272f5c6f2c3d650d6,1512,2327
pass-03,4,junction_top_left,square_circle_junction,junction_top_left,1,Earth-square / construction-circle junction: top left,-4.3301270189221936,5.5,true,454.21824008816998,367.02116707728067,data/working/figure12/city_of_revelation_page_065.png,4f9ab63b94ac4c1a2ce2fe5217c2cb0542a6df77e30eb1f272f5c6f2c3d650d6,1512,2327
pass-03,5,junction_top_right,square_circle_junction,junction_top_right,1,Earth-square / construction-circle junction: top right,4.3301270189221936,5.5,true,1070.1481605750096,374.72029108336619,data/working/figure12/city_of_revelation_page_065.png,4f9ab63b94ac4c1a2ce2fe5217c2cb0542a6df77e30eb1f272f5c6f2c3d650d6,1512,2327
pass-03,6,junction_right_upper,square_circle_junction,junction_right_upper,1,Earth-square / construction-circle junction: right upper,5.5,4.3301270189221936,true,1152.6387749259256,461.61040486633101,data/working/figure12/city_of_revelation_page_065.png,4f9ab63b94ac4c1a2ce2fe5217c2cb0542a6df77e30eb1f272f5c6f2c3d650d6,1512,2327
pass-03,7,junction_right_lower,square_circle_junction,junction_right_lower,1,Earth-square / construction-circle junction: right lower,5.5,-4.3301270189221936,true,1142.7399012038156,1088.5390739332927,data/working/figure12/city_of_revelation_page_065.png,4f9ab63b94ac4c1a2ce2fe5217c2cb0542a6df77e30eb1f272f5c6f2c3d650d6,1512,2327
pass-03,8,junction_bottom_right,square_circle_junction,junction_bottom_right,1,Earth-square / construction-circle junction: bottom right,4.3301270189221936,-5.5,true,1060.2492868528996,1168.8299385681842,data/working/figure12/city_of_revelation_page_065.png,4f9ab63b94ac4c1a2ce2fe5217c2cb0542a6df77e30eb1f272f5c6f2c3d650d6,1512,2327
pass-03,9,junction_bottom_left,square_circle_junction,junction_bottom_left,1,Earth-square / construction-circle junction: bottom left,-4.3301270189221936,-5.5,true,443.21949150804789,1163.3305642781231,data/working/figure12/city_of_revelation_page_065.png,4f9ab63b94ac4c1a2ce2fe5217c2cb0542a6df77e30eb1f272f5c6f2c3d650d6,1512,2327
pass-03,10,junction_left_lower,square_circle_junction,junction_left_lower,1,Earth-square / construction-circle junction: left lower,-5.5,-4.3301270189221936,true,358.52912744110745,1076.4404504951583,data/working/figure12/city_of_revelation_page_065.png,4f9ab63b94ac4c1a2ce2fe5217c2cb0542a6df77e30eb1f272f5c6f2c3d650d6,1512,2327
pass-03,11,junction_left_upper,square_circle_junction,junction_left_upper,1,Earth-square / construction-circle junction: left upper,-5.5,4.3301270189221936,true,367.32812630520516,450.61165628620893,data/working/figure12/city_of_revelation_page_065.png,4f9ab63b94ac4c1a2ce2fe5217c2cb0542a6df77e30eb1f272f5c6f2c3d650d6,1512,2327
pass-03,12,moon_north_west_arc_01,moon_circumference,moon_north_west,1,Visible circumference sample 1/6 for north west Moon.,,,false,530.20719888441374,417.96352249486824,data/working/figure12/city_of_revelation_page_065.png,4f9ab63b94ac4c1a2ce2fe5217c2cb0542a6df77e30eb1f272f5c6f2c3d650d6,1512,2327
pass-03,13,moon_north_west_arc_02,moon_circumference,moon_north_west,2,Visible circumference sample 2/6 for north west Moon.,,,false,472.69935601827035,389.92250820476534,data/working/figure12/city_of_revelation_page_065.png,4f9ab63b94ac4c1a2ce2fe5217c2cb0542a6df77e30eb1f272f5c6f2c3d650d6,1512,2327
pass-03,14,moon_north_west_arc_03,moon_circumference,moon_north_west,3,Visible circumference sample 3/6 for north west Moon.,,,false,437.0539988698344,311.97799390685202,data/working/figure12/city_of_revelation_page_065.png,4f9ab63b94ac4c1a2ce2fe5217c2cb0542a6df77e30eb1f272f5c6f2c3d650d6,1512,2327
pass-03,15,moon_north_west_arc_04,moon_circumference,moon_north_west,4,Visible circumference sample 4/6 for north west Moon.,,,false,560.14929888910001,201.71502246102341,data/working/figure12/city_of_revelation_page_065.png,4f9ab63b94ac4c1a2ce2fe5217c2cb0542a6df77e30eb1f272f5c6f2c3d650d6,1512,2327
pass-03,16,moon_north_west_arc_05,moon_circumference,moon_north_west,5,Visible circumference sample 5/6 for north west Moon.,,,false,632.86582747190937,245.91526532508402,data/working/figure12/city_of_revelation_page_065.png,4f9ab63b94ac4c1a2ce2fe5217c2cb0542a6df77e30eb1f272f5c6f2c3d650d6,1512,2327
pass-03,17,moon_north_west_arc_06,moon_circumference,moon_north_west,6,Visible circumference sample 6/6 for north west Moon.,,,false,629.53892747138866,378.5159939172658,data/working/figure12/city_of_revelation_page_065.png,4f9ab63b94ac4c1a2ce2fe5217c2cb0542a6df77e30eb1f272f5c6f2c3d650d6,1512,2327
pass-03,18,moon_north_arc_01,moon_circumference,moon_north,1,Visible circumference sample 1/6 for north Moon.,,,false,668.51118462034526,205.04192246154406,data/working/figure12/city_of_revelation_page_065.png,4f9ab63b94ac4c1a2ce2fe5217c2cb0542a6df77e30eb1f272f5c6f2c3d650d6,1512,2327
pass-03,19,moon_north_arc_02,moon_circumference,moon_north,2,Visible circumference sample 2/6 for north Moon.,,,false,830.10347035992163,173.67400817092044,data/working/figure12/city_of_revelation_page_065.png,4f9ab63b94ac4c1a2ce2fe5217c2cb0542a6df77e30eb1f272f5c6f2c3d650d6,1512,2327
pass-03,20,moon_north_arc_03,moon_circumference,moon_north,3,Visible circumference sample 3/6 for north Moon.,,,false,856.24339893544129,320.53287962247663,data/working/figure12/city_of_revelation_page_065.png,4f9ab63b94ac4c1a2ce2fe5217c2cb0542a6df77e30eb1f272f5c6f2c3d650d6,1512,2327
pass-03,21,moon_north_arc_04,moon_circumference,moon_north,4,Visible circumference sample 4/6 for north Moon.,,,false,814.41951321460976,359.98040820007907,data/working/figure12/city_of_revelation_page_065.png,4f9ab63b94ac4c1a2ce2fe5217c2cb0542a6df77e30eb1f272f5c6f2c3d650d6,1512,2327
pass-03,22,moon_north_arc_05,moon_circumference,moon_north,5,Visible circumference sample 5/6 for north Moon.,,,false,706.05762748336451,356.17823677091258,data/working/figure12/city_of_revelation_page_065.png,4f9ab63b94ac4c1a2ce2fe5217c2cb0542a6df77e30eb1f272f5c6f2c3d650d6,1512,2327
pass-03,23,moon_north_arc_06,moon_circumference,moon_north,6,Visible circumference sample 6/6 for north Moon.,,,false,664.70901319117877,309.60163676362293,data/working/figure12/city_of_revelation_page_065.png,4f9ab63b94ac4c1a2ce2fe5217c2cb0542a6df77e30eb1f272f5c6f2c3d650d6,1512,2327
pass-03,24,moon_north_east_arc_01,moon_circumference,moon_north_east,1,Visible circumference sample 1/6 for north east Moon.,,,false,893.78984179846054,246.3905367537298,data/working/figure12/city_of_revelation_page_065.png,4f9ab63b94ac4c1a2ce2fe5217c2cb0542a6df77e30eb1f272f5c6f2c3d650d6,1512,2327
pass-03,25,moon_north_east_arc_02,moon_circumference,moon_north_east,2,Visible circumference sample 2/6 for north east Moon.,,,false,963.65474180939509,205.99246531883574,data/working/figure12/city_of_revelation_page_065.png,4f9ab63b94ac4c1a2ce2fe5217c2cb0542a6df77e30eb1f272f5c6f2c3d650d6,1512,2327
pass-03,26,moon_north_east_arc_03,moon_circumference,moon_north_east,3,Visible circumference sample 3/6 for north east Moon.,,,false,1087.2253132573064,296.76930819018594,data/working/figure12/city_of_revelation_page_065.png,4f9ab63b94ac4c1a2ce2fe5217c2cb0542a6df77e30eb1f272f5c6f2c3d650d6,1512,2327
pass-03,27,moon_north_east_arc_04,moon_circumference,moon_north_east,4,Visible circumference sample 4/6 for north east Moon.,,,false,1057.28321325262,391.82359391934858,data/working/figure12/city_of_revelation_page_065.png,4f9ab63b94ac4c1a2ce2fe5217c2cb0542a6df77e30eb1f272f5c6f2c3d650d6,1512,2327
pass-03,28,moon_north_east_arc_05,moon_circumference,moon_north_east,5,Visible circumference sample 5/6 for north east Moon.,,,false,900.91891322814774,389.92250820476534,data/working/figure12/city_of_revelation_page_065.png,4f9ab63b94ac4c1a2ce2fe5217c2cb0542a6df77e30eb1f272f5c6f2c3d650d6,1512,2327
pass-03,29,moon_north_east_arc_06,moon_circumference,moon_north_east,6,Visible circumference sample 6/6 for north east Moon.,,,false,881.90805608231528,360.45567962872491,data/working/figure12/city_of_revelation_page_065.png,4f9ab63b94ac4c1a2ce2fe5217c2cb0542a6df77e30eb1f272f5c6f2c3d650d6,1512,2327
pass-03,30,moon_east_north_arc_01,moon_circumference,moon_east_north,1,Visible circumference sample 1/6 for east north Moon.,,,false,1110.9693713148315,510.65241468912382,data/working/figure12/city_of_revelation_page_065.png,4f9ab63b94ac4c1a2ce2fe5217c2cb0542a6df77e30eb1f272f5c6f2c3d650d6,1512,2327
pass-03,31,moon_east_north_arc_02,moon_circumference,moon_east_north,2,Visible circumference sample 2/6 for east north Moon.,,,false,1209.1362240266467,445.20784621458029,data/working/figure12/city_of_revelation_page_065.png,4f9ab63b94ac4c1a2ce2fe5217c2cb0542a6df77e30eb1f272f5c6f2c3d650d6,1512,2327
pass-03,32,moon_east_north_arc_03,moon_circumference,moon_east_north,3,Visible circumference sample 3/6 for east north Moon.,,,false,1312.5808645186676,590.87478894824176,data/working/figure12/city_of_revelation_page_065.png,4f9ab63b94ac4c1a2ce2fe5217c2cb0542a6df77e30eb1f272f5c6f2c3d650d6,1512,2327
pass-03,33,moon_east_north_arc_04,moon_circumference,moon_east_north,4,Visible circumference sample 4/6 for east north Moon.,,,false,1270.3585622770265,643.65266675029306,data/working/figure12/city_of_revelation_page_065.png,4f9ab63b94ac4c1a2ce2fe5217c2cb0542a6df77e30eb1f272f5c6f2c3d650d6,1512,2327
pass-03,34,moon_east_north_arc_05,moon_circumference,moon_east_north,5,Visible circumference sample 5/6 for east north Moon.,,,false,1161.6361340048006,651.04156964258016,data/working/figure12/city_of_revelation_page_065.png,4f9ab63b94ac4c1a2ce2fe5217c2cb0542a6df77e30eb1f272f5c6f2c3d650d6,1512,2327
pass-03,35,moon_east_north_arc_06,moon_circumference,moon_east_north,6,Visible circumference sample 6/6 for east north Moon.,,,false,1133.1360799916929,630.98597607780073,data/working/figure12/city_of_revelation_page_065.png,4f9ab63b94ac4c1a2ce2fe5217c2cb0542a6df77e30eb1f272f5c6f2c3d650d6,1512,2327
pass-03,36,moon_east_arc_01,moon_circumference,moon_east,1,Visible circumference sample 1/6 for east Moon.,,,false,1175.3583822333339,699.59721722046731,data/working/figure12/city_of_revelation_page_065.png,4f9ab63b94ac4c1a2ce2fe5217c2cb0542a6df77e30eb1f272f5c6f2c3d650d6,1512,2327
pass-03,37,moon_east_arc_02,moon_circumference,moon_east,2,Visible circumference sample 2/6 for east Moon.,,,false,1322.0808825230365,685.874968991934,data/working/figure12/city_of_revelation_page_065.png,4f9ab63b94ac4c1a2ce2fe5217c2cb0542a6df77e30eb1f272f5c6f2c3d650d6,1512,2327
pass-03,38,moon_east_arc_03,moon_circumference,moon_east,3,Visible circumference sample 3/6 for east Moon.,,,false,1327.3586703032415,863.20863840682625,data/working/figure12/city_of_revelation_page_065.png,4f9ab63b94ac4c1a2ce2fe5217c2cb0542a6df77e30eb1f272f5c6f2c3d650d6,1512,2327
pass-03,39,moon_east_arc_04,moon_circumference,moon_east,4,Visible circumference sample 4/6 for east Moon.,,,false,1197.5250909101956,869.54198374307236,data/working/figure12/city_of_revelation_page_065.png,4f9ab63b94ac4c1a2ce2fe5217c2cb0542a6df77e30eb1f272f5c6f2c3d650d6,1512,2327
pass-03,40,moon_east_arc_05,moon_circumference,moon_east,5,Visible circumference sample 5/6 for east Moon.,,,false,1158.4694613366778,824.15300883330838,data/working/figure12/city_of_revelation_page_065.png,4f9ab63b94ac4c1a2ce2fe5217c2cb0542a6df77e30eb1f272f5c6f2c3d650d6,1512,2327
pass-03,41,moon_east_arc_06,moon_circumference,moon_east,6,Visible circumference sample 6/6 for east Moon.,,,false,1295.691943622011,881.15311685952361,data/working/figure12/city_of_revelation_page_065.png,4f9ab63b94ac4c1a2ce2fe5217c2cb0542a6df77e30eb1f272f5c6f2c3d650d6,1512,2327
pass-03,42,moon_east_south_arc_01,moon_circumference,moon_east_south,1,Visible circumference sample 1/6 for east south Moon.,,,false,1132.080522435652,915.98651620887745,data/working/figure12/city_of_revelation_page_065.png,4f9ab63b94ac4c1a2ce2fe5217c2cb0542a6df77e30eb1f272f5c6f2c3d650d6,1512,2327
pass-03,43,moon_east_south_arc_02,moon_circumference,moon_east_south,2,Visible circumference sample 2/6 for east south Moon.,,,false,1262.9696593847393,908.59761331659024,data/working/figure12/city_of_revelation_page_065.png,4f9ab63b94ac4c1a2ce2fe5217c2cb0542a6df77e30eb1f272f5c6f2c3d650d6,1512,2327
pass-03,44,moon_east_south_arc_03,moon_circumference,moon_east_south,3,Visible circumference sample 3/6 for east south Moon.,,,false,1310.4697494065854,979.31996957133902,data/working/figure12/city_of_revelation_page_065.png,4f9ab63b94ac4c1a2ce2fe5217c2cb0542a6df77e30eb1f272f5c6f2c3d650d6,1512,2327
pass-03,45,moon_east_south_arc_04,moon_circumference,moon_east_south,4,Visible circumference sample 4/6 for east south Moon.,,,false,1211.2473391387289,1107.042433852303,data/working/figure12/city_of_revelation_page_065.png,4f9ab63b94ac4c1a2ce2fe5217c2cb0542a6df77e30eb1f272f5c6f2c3d650d6,1512,2327
pass-03,46,moon_east_south_arc_05,moon_circumference,moon_east_south,5,Visible circumference sample 5/6 for east south Moon.,,,false,1125.7471770994057,1072.2090345029492,data/working/figure12/city_of_revelation_page_065.png,4f9ab63b94ac4c1a2ce2fe5217c2cb0542a6df77e30eb1f272f5c6f2c3d650d6,1512,2327
pass-03,47,moon_east_south_arc_06,moon_circumference,moon_east_south,6,Visible circumference sample 6/6 for east south Moon.,,,false,1094.0804504181751,1002.5422358042415,data/working/figure12/city_of_revelation_page_065.png,4f9ab63b94ac4c1a2ce2fe5217c2cb0542a6df77e30eb1f272f5c6f2c3d650d6,1512,2327
pass-03,48,moon_south_east_arc_01,moon_circumference,moon_south_east,1,Visible circumference sample 1/6 for south east Moon.,,,false,1010.828853839118,1127.7526795274744,data/working/figure12/city_of_revelation_page_065.png,4f9ab63b94ac4c1a2ce2fe5217c2cb0542a6df77e30eb1f272f5c6f2c3d650d6,1512,2327
pass-03,49,moon_south_east_arc_02,moon_circumference,moon_south_east,2,Visible circumference sample 2/6 for south east Moon.,,,false,1074.7773091107374,1201.7229076401682,data/working/figure12/city_of_revelation_page_065.png,4f9ab63b94ac4c1a2ce2fe5217c2cb0542a6df77e30eb1f272f5c6f2c3d650d6,1512,2327
pass-03,50,moon_south_east_arc_03,moon_circumference,moon_south_east,3,Visible circumference sample 3/6 for south east Moon.,,,false,937.33585300457048,1333.4376364085783,data/working/figure12/city_of_revelation_page_065.png,4f9ab63b94ac4c1a2ce2fe5217c2cb0542a6df77e30eb1f272f5c6f2c3d650d6,1512,2327
pass-03,51,moon_south_east_arc_04,moon_circumference,moon_south_east,4,Visible circumference sample 4/6 for south east Moon.,,,false,1066.6644453822482,1274.2614539184231,data/working/figure12/city_of_revelation_page_065.png,4f9ab63b94ac4c1a2ce2fe5217c2cb0542a6df77e30eb1f272f5c6f2c3d650d6,1512,2327
pass-03,52,moon_south_east_arc_05,moon_circumference,moon_south_east,5,Visible circumference sample 5/6 for south east Moon.,,,false,875.77353412368302,1283.3287722032048,data/working/figure12/city_of_revelation_page_065.png,4f9ab63b94ac4c1a2ce2fe5217c2cb0542a6df77e30eb1f272f5c6f2c3d650d6,1512,2327
pass-03,53,moon_south_east_arc_06,moon_circumference,moon_south_east,6,Visible circumference sample 6/6 for south east Moon.,,,false,865.27453400446211,1198.3823166931434,data/working/figure12/city_of_revelation_page_065.png,4f9ab63b94ac4c1a2ce2fe5217c2cb0542a6df77e30eb1f272f5c6f2c3d650d6,1512,2327
pass-03,54,moon_south_arc_01,moon_circumference,moon_south,1,Visible circumference sample 1/6 for south Moon.,,,false,669.13412268628622,1200.7684530838756,data/working/figure12/city_of_revelation_page_065.png,4f9ab63b94ac4c1a2ce2fe5217c2cb0542a6df77e30eb1f272f5c6f2c3d650d6,1512,2327
pass-03,55,moon_south_arc_02,moon_circumference,moon_south,2,Visible circumference sample 2/6 for south Moon.,,,false,829.48248814348108,1202.6773621964612,data/working/figure12/city_of_revelation_page_065.png,4f9ab63b94ac4c1a2ce2fe5217c2cb0542a6df77e30eb1f272f5c6f2c3d650d6,1512,2327
pass-03,56,moon_south_arc_03,moon_circumference,moon_south,3,Visible circumference sample 3/6 for south Moon.,,,false,847.13989743489833,1328.1881363489676,data/working/figure12/city_of_revelation_page_065.png,4f9ab63b94ac4c1a2ce2fe5217c2cb0542a6df77e30eb1f272f5c6f2c3d650d6,1512,2327
pass-03,57,moon_south_arc_04,moon_circumference,moon_south,4,Visible circumference sample 4/6 for south Moon.,,,false,802.28053328913552,1374.0019550510233,data/working/figure12/city_of_revelation_page_065.png,4f9ab63b94ac4c1a2ce2fe5217c2cb0542a6df77e30eb1f272f5c6f2c3d650d6,1512,2327
pass-03,58,moon_south_arc_05,moon_circumference,moon_south,5,Visible circumference sample 5/6 for south Moon.,,,false,688.70044109028925,1370.184136825852,data/working/figure12/city_of_revelation_page_065.png,4f9ab63b94ac4c1a2ce2fe5217c2cb0542a6df77e30eb1f272f5c6f2c3d650d6,1512,2327
pass-03,59,moon_south_arc_06,moon_circumference,moon_south,6,Visible circumference sample 6/6 for south Moon.,,,false,651.9539406730155,1329.1425909052605,data/working/figure12/city_of_revelation_page_065.png,4f9ab63b94ac4c1a2ce2fe5217c2cb0542a6df77e30eb1f272f5c6f2c3d650d6,1512,2327
pass-03,60,moon_south_west_arc_01,moon_circumference,moon_south_west,1,Visible circumference sample 1/6 for south west Moon.,,,false,569.8708488318324,1328.1881363489676,data/working/figure12/city_of_revelation_page_065.png,4f9ab63b94ac4c1a2ce2fe5217c2cb0542a6df77e30eb1f272f5c6f2c3d650d6,1512,2327
pass-03,61,moon_south_west_arc_02,moon_circumference,moon_south_west,2,Visible circumference sample 2/6 for south west Moon.,,,false,434.33830183825108,1271.3980902495446,data/working/figure12/city_of_revelation_page_065.png,4f9ab63b94ac4c1a2ce2fe5217c2cb0542a6df77e30eb1f272f5c6f2c3d650d6,1512,2327
pass-03,62,moon_south_west_arc_03,moon_circumference,moon_south_west,3,Visible circumference sample 3/6 for south west Moon.,,,false,435.76998367269033,1176.4298618984085,data/working/figure12/city_of_revelation_page_065.png,4f9ab63b94ac4c1a2ce2fe5217c2cb0542a6df77e30eb1f272f5c6f2c3d650d6,1512,2327
pass-03,63,moon_south_west_arc_04,moon_circumference,moon_south_west,4,Visible circumference sample 4/6 for south west Moon.,,,false,499.24121166616328,1119.6398157989852,data/working/figure12/city_of_revelation_page_065.png,4f9ab63b94ac4c1a2ce2fe5217c2cb0542a6df77e30eb1f272f5c6f2c3d650d6,1512,2327
pass-03,64,moon_south_west_arc_05,moon_circumference,moon_south_west,5,Visible circumference sample 5/6 for south west Moon.,,,false,610.43516747427748,1150.1823616003558,data/working/figure12/city_of_revelation_page_065.png,4f9ab63b94ac4c1a2ce2fe5217c2cb0542a6df77e30eb1f272f5c6f2c3d650d6,1512,2327
pass-03,65,moon_south_west_arc_06,moon_circumference,moon_south_west,6,Visible circumference sample 6/6 for south west Moon.,,,false,628.56980404384126,1178.3387710109942,data/working/figure12/city_of_revelation_page_065.png,4f9ab63b94ac4c1a2ce2fe5217c2cb0542a6df77e30eb1f272f5c6f2c3d650d6,1512,2327
pass-03,66,moon_west_south_arc_01,moon_circumference,moon_west_south,1,Visible circumference sample 1/6 for west south Moon.,,,false,199.24778867652799,952.45748015452318,data/working/figure12/city_of_revelation_page_065.png,4f9ab63b94ac4c1a2ce2fe5217c2cb0542a6df77e30eb1f272f5c6f2c3d650d6,1512,2327
pass-03,67,moon_west_south_arc_02,moon_circumference,moon_west_south,2,Visible circumference sample 2/6 for west south Moon.,,,false,243.91962906348556,892.5566032720119,data/working/figure12/city_of_revelation_page_065.png,4f9ab63b94ac4c1a2ce2fe5217c2cb0542a6df77e30eb1f272f5c6f2c3d650d6,1512,2327
pass-03,68,moon_west_south_arc_03,moon_circumference,moon_west_south,3,Visible circumference sample 3/6 for west south Moon.,,,false,372.8588047258404,900.67875606964049,data/working/figure12/city_of_revelation_page_065.png,4f9ab63b94ac4c1a2ce2fe5217c2cb0542a6df77e30eb1f272f5c6f2c3d650d6,1512,2327
pass-03,69,moon_west_south_arc_04,moon_circumference,moon_west_south,4,Visible circumference sample 4/6 for west south Moon.,,,false,406.36268501605855,1017.4347025355523,data/working/figure12/city_of_revelation_page_065.png,4f9ab63b94ac4c1a2ce2fe5217c2cb0542a6df77e30eb1f272f5c6f2c3d650d6,1512,2327
pass-03,70,moon_west_south_arc_05,moon_circumference,moon_west_south,5,Visible circumference sample 5/6 for west south Moon.,,,false,339.35492443562225,1087.4882704150996,data/working/figure12/city_of_revelation_page_065.png,4f9ab63b94ac4c1a2ce2fe5217c2cb0542a6df77e30eb1f272f5c6f2c3d650d6,1512,2327
pass-03,71,moon_west_south_arc_06,moon_circumference,moon_west_south,6,Visible circumference sample 6/6 for west south Moon.,,,false,248.99597456200343,1079.3661176174708,data/working/figure12/city_of_revelation_page_065.png,4f9ab63b94ac4c1a2ce2fe5217c2cb0542a6df77e30eb1f272f5c6f2c3d650d6,1512,2327
pass-03,72,moon_west_arc_01,moon_circumference,moon_west,1,Visible circumference sample 1/6 for west Moon.,,,false,169.80498478512413,831.64045728979693,data/working/figure12/city_of_revelation_page_065.png,4f9ab63b94ac4c1a2ce2fe5217c2cb0542a6df77e30eb1f272f5c6f2c3d650d6,1512,2327
pass-03,73,moon_west_arc_02,moon_circumference,moon_west,2,Visible circumference sample 2/6 for west Moon.,,,false,169.80498478512413,696.60966702922065,data/working/figure12/city_of_revelation_page_065.png,4f9ab63b94ac4c1a2ce2fe5217c2cb0542a6df77e30eb1f272f5c6f2c3d650d6,1512,2327
pass-03,74,moon_west_arc_03,moon_circumference,moon_west,3,Visible circumference sample 3/6 for west Moon.,,,false,219.55317067059957,658.02944124048452,data/working/figure12/city_of_revelation_page_065.png,4f9ab63b94ac4c1a2ce2fe5217c2cb0542a6df77e30eb1f272f5c6f2c3d650d6,1512,2327
pass-03,75,moon_west_arc_04,moon_circumference,moon_west,4,Visible circumference sample 4/6 for west Moon.,,,false,323.11061884036485,675.28901593544538,data/working/figure12/city_of_revelation_page_065.png,4f9ab63b94ac4c1a2ce2fe5217c2cb0542a6df77e30eb1f272f5c6f2c3d650d6,1512,2327
pass-03,76,moon_west_arc_05,moon_circumference,moon_west,5,Visible circumference sample 5/6 for west Moon.,,,false,347.47707723325084,819.45722809335393,data/working/figure12/city_of_revelation_page_065.png,4f9ab63b94ac4c1a2ce2fe5217c2cb0542a6df77e30eb1f272f5c6f2c3d650d6,1512,2327
pass-03,77,moon_west_arc_06,moon_circumference,moon_west,6,Visible circumference sample 6/6 for west Moon.,,,false,299.75942954718266,865.14433758001519,data/working/figure12/city_of_revelation_page_065.png,4f9ab63b94ac4c1a2ce2fe5217c2cb0542a6df77e30eb1f272f5c6f2c3d650d6,1512,2327
pass-03,78,moon_west_north_arc_01,moon_circumference,moon_west_north,1,Visible circumference sample 1/6 for west north Moon.,,,false,254.07232006052141,632.64771374789495,data/working/figure12/city_of_revelation_page_065.png,4f9ab63b94ac4c1a2ce2fe5217c2cb0542a6df77e30eb1f272f5c6f2c3d650d6,1512,2327
pass-03,79,moon_west_north_arc_02,moon_circumference,moon_west_north,2,Visible circumference sample 2/6 for west north Moon.,,,false,206.354672374453,570.71629866597652,data/working/figure12/city_of_revelation_page_065.png,4f9ab63b94ac4c1a2ce2fe5217c2cb0542a6df77e30eb1f272f5c6f2c3d650d6,1512,2327
pass-03,80,moon_west_north_arc_03,moon_circumference,moon_west_north,3,Visible circumference sample 3/6 for west north Moon.,,,false,308.89685144451482,431.62443200658583,data/working/figure12/city_of_revelation_page_065.png,4f9ab63b94ac4c1a2ce2fe5217c2cb0542a6df77e30eb1f272f5c6f2c3d650d6,1512,2327
pass-03,81,moon_west_north_arc_04,moon_circumference,moon_west_north,4,Visible circumference sample 4/6 for west north Moon.,,,false,407.37795411576212,492.54057798880081,data/working/figure12/city_of_revelation_page_065.png,4f9ab63b94ac4c1a2ce2fe5217c2cb0542a6df77e30eb1f272f5c6f2c3d650d6,1512,2327
pass-03,82,moon_west_north_arc_05,moon_circumference,moon_west_north,5,Visible circumference sample 5/6 for west north Moon.,,,false,380.98095752346921,621.47975365115565,data/working/figure12/city_of_revelation_page_065.png,4f9ab63b94ac4c1a2ce2fe5217c2cb0542a6df77e30eb1f272f5c6f2c3d650d6,1512,2327
pass-03,83,moon_west_north_arc_06,moon_circumference,moon_west_north,6,Visible circumference sample 6/6 for west north Moon.,,,false,352.55342273176871,640.76986654552366,data/working/figure12/city_of_revelation_page_065.png,4f9ab63b94ac4c1a2ce2fe5217c2cb0542a6df77e30eb1f272f5c6f2c3d650d6,1512,2327
pass-03,84,wall_north_west_line_01,wall_line,wall_north_west,1,Printed wall-line sample 1/3 for north west side.,,,false,339.69181072996361,310.8162681997332,data/working/figure12/city_of_revelation_page_065.png,4f9ab63b94ac4c1a2ce2fe5217c2cb0542a6df77e30eb1f272f5c6f2c3d650d6,1512,2327
pass-03,85,wall_north_west_line_02,wall_line,wall_north_west,2,Printed wall-line sample 2/3 for north west side.,,,false,403.84367434964531,269.11755684694003,data/working/figure12/city_of_revelation_page_065.png,4f9ab63b94ac4c1a2ce2fe5217c2cb0542a6df77e30eb1f272f5c6f2c3d650d6,1512,2327
pass-03,86,wall_north_west_line_03,wall_line,wall_north_west,3,Printed wall-line sample 3/3 for north west side.,,,false,566.14788930744021,167.75761232784288,data/working/figure12/city_of_revelation_page_065.png,4f9ab63b94ac4c1a2ce2fe5217c2cb0542a6df77e30eb1f272f5c6f2c3d650d6,1512,2327
pass-03,87,wall_north_line_01,wall_line,wall_north,1,Printed wall-line sample 1/3 for north side.,,,false,626.45064110994099,152.36116505911923,data/working/figure12/city_of_revelation_page_065.png,4f9ab63b94ac4c1a2ce2fe5217c2cb0542a6df77e30eb1f272f5c6f2c3d650d6,1512,2327
pass-03,88,wall_north_line_02,wall_line,wall_north,2,Printed wall-line sample 2/3 for north side.,,,false,859.96342468558259,156.21027687630016,data/working/figure12/city_of_revelation_page_065.png,4f9ab63b94ac4c1a2ce2fe5217c2cb0542a6df77e30eb1f272f5c6f2c3d650d6,1512,2327
pass-03,89,wall_north_line_03,wall_line,wall_north,3,Printed wall-line sample 3/3 for north side.,,,false,918.341620579493,157.4933141486938,data/working/figure12/city_of_revelation_page_065.png,4f9ab63b94ac4c1a2ce2fe5217c2cb0542a6df77e30eb1f272f5c6f2c3d650d6,1512,2327
pass-03,90,wall_north_east_line_01,wall_line,wall_north_east,1,Printed wall-line sample 1/3 for north east side.,,,false,967.09703693045105,174.81431732600788,data/working/figure12/city_of_revelation_page_065.png,4f9ab63b94ac4c1a2ce2fe5217c2cb0542a6df77e30eb1f272f5c6f2c3d650d6,1512,2327
pass-03,91,wall_north_east_line_02,wall_line,wall_north_east,2,Printed wall-line sample 2/3 for north east side.,,,false,1114.6463232557192,269.75907548313688,data/working/figure12/city_of_revelation_page_065.png,4f9ab63b94ac4c1a2ce2fe5217c2cb0542a6df77e30eb1f272f5c6f2c3d650d6,1512,2327
pass-03,92,wall_north_east_line_03,wall_line,wall_north_east,3,Printed wall-line sample 3/3 for north east side.,,,false,1181.3642614201883,312.74082410832364,data/working/figure12/city_of_revelation_page_065.png,4f9ab63b94ac4c1a2ce2fe5217c2cb0542a6df77e30eb1f272f5c6f2c3d650d6,1512,2327
pass-03,93,wall_east_north_line_01,wall_line,wall_east_north,1,Printed wall-line sample 1/3 for east north side.,,,false,1220.6567282605665,357.20097671039775,data/working/figure12/city_of_revelation_page_065.png,4f9ab63b94ac4c1a2ce2fe5217c2cb0542a6df77e30eb1f272f5c6f2c3d650d6,1512,2327
pass-03,94,wall_east_north_line_02,wall_line,wall_east_north,2,Printed wall-line sample 2/3 for east north side.,,,false,1262.6211843816479,427.59296762317933,data/working/figure12/city_of_revelation_page_065.png,4f9ab63b94ac4c1a2ce2fe5217c2cb0542a6df77e30eb1f272f5c6f2c3d650d6,1512,2327
pass-03,95,wall_east_north_line_03,wall_line,wall_east_north,3,Printed wall-line sample 3/3 for east north side.,,,false,1347.903788756749,577.85279437930944,data/working/figure12/city_of_revelation_page_065.png,4f9ab63b94ac4c1a2ce2fe5217c2cb0542a6df77e30eb1f272f5c6f2c3d650d6,1512,2327
pass-03,96,wall_east_line_01,wall_line,wall_east,1,Printed wall-line sample 1/3 for east side.,,,false,1368.2091707508207,683.44078074848187,data/working/figure12/city_of_revelation_page_065.png,4f9ab63b94ac4c1a2ce2fe5217c2cb0542a6df77e30eb1f272f5c6f2c3d650d6,1512,2327
pass-03,97,wall_east_line_02,wall_line,wall_east,2,Printed wall-line sample 2/3 for east side.,,,false,1364.1480943520062,871.60398722687898,data/working/figure12/city_of_revelation_page_065.png,4f9ab63b94ac4c1a2ce2fe5217c2cb0542a6df77e30eb1f272f5c6f2c3d650d6,1512,2327
pass-03,98,wall_east_line_03,wall_line,wall_east,3,Printed wall-line sample 3/3 for east side.,,,false,1364.1480943520062,929.81274894321768,data/working/figure12/city_of_revelation_page_065.png,4f9ab63b94ac4c1a2ce2fe5217c2cb0542a6df77e30eb1f272f5c6f2c3d650d6,1512,2327
pass-03,99,wall_east_south_line_01,wall_line,wall_east_south,1,Printed wall-line sample 1/3 for east south side.,,,false,1346.5500966238108,977.19197359605153,data/working/figure12/city_of_revelation_page_065.png,4f9ab63b94ac4c1a2ce2fe5217c2cb0542a6df77e30eb1f272f5c6f2c3d650d6,1512,2327
pass-03,100,wall_east_south_line_02,wall_line,wall_east_south,2,Printed wall-line sample 2/3 for east south side.,,,false,1254.4990315840193,1124.7444160863054,data/working/figure12/city_of_revelation_page_065.png,4f9ab63b94ac4c1a2ce2fe5217c2cb0542a6df77e30eb1f272f5c6f2c3d650d6,1512,2327
pass-03,101,wall_east_south_line_03,wall_line,wall_east_south,3,Printed wall-line sample 3/3 for east south side.,,,false,1216.5956518617522,1182.9531778026439,data/working/figure12/city_of_revelation_page_065.png,4f9ab63b94ac4c1a2ce2fe5217c2cb0542a6df77e30eb1f272f5c6f2c3d650d6,1512,2327
pass-03,102,wall_south_east_line_01,wall_line,wall_south_east,1,Printed wall-line sample 1/3 for south east side.,,,false,1170.0506499839673,1238.4726254298705,data/working/figure12/city_of_revelation_page_065.png,4f9ab63b94ac4c1a2ce2fe5217c2cb0542a6df77e30eb1f272f5c6f2c3d650d6,1512,2327
pass-03,103,wall_south_east_line_02,wall_line,wall_south_east,2,Printed wall-line sample 2/3 for south east side.,,,false,1102.8965573808646,1277.4859554183399,data/working/figure12/city_of_revelation_page_065.png,4f9ab63b94ac4c1a2ce2fe5217c2cb0542a6df77e30eb1f272f5c6f2c3d650d6,1512,2327
pass-03,104,wall_south_east_line_03,wall_line,wall_south_east,3,Printed wall-line sample 3/3 for south east side.,,,false,953.87842808064579,1368.3038711292027,data/working/figure12/city_of_revelation_page_065.png,4f9ab63b94ac4c1a2ce2fe5217c2cb0542a6df77e30eb1f272f5c6f2c3d650d6,1512,2327
pass-03,105,wall_south_line_01,wall_line,wall_south,1,Printed wall-line sample 1/3 for south side.,,,false,878.41001925049227,1390.6885686635703,data/working/figure12/city_of_revelation_page_065.png,4f9ab63b94ac4c1a2ce2fe5217c2cb0542a6df77e30eb1f272f5c6f2c3d650d6,1512,2327
pass-03,106,wall_south_line_02,wall_line,wall_south,2,Printed wall-line sample 2/3 for south side.,,,false,659.67954620038586,1386.8511919433929,data/working/figure12/city_of_revelation_page_065.png,4f9ab63b94ac4c1a2ce2fe5217c2cb0542a6df77e30eb1f272f5c6f2c3d650d6,1512,2327
pass-03,107,wall_south_line_03,wall_line,wall_south,3,Printed wall-line sample 3/3 for south side.,,,false,602.11889539772631,1386.8511919433929,data/working/figure12/city_of_revelation_page_065.png,4f9ab63b94ac4c1a2ce2fe5217c2cb0542a6df77e30eb1f272f5c6f2c3d650d6,1512,2327
pass-03,108,wall_south_west_line_01,wall_line,wall_south_west,1,Printed wall-line sample 1/3 for south west side.,,,false,545.19780738176291,1362.5478060489368,data/working/figure12/city_of_revelation_page_065.png,4f9ab63b94ac4c1a2ce2fe5217c2cb0542a6df77e30eb1f272f5c6f2c3d650d6,1512,2327
pass-03,109,wall_south_west_line_02,wall_line,wall_south_west,2,Printed wall-line sample 2/3 for south west side.,,,false,398.73792922832922,1269.1716391912889,data/working/figure12/city_of_revelation_page_065.png,4f9ab63b94ac4c1a2ce2fe5217c2cb0542a6df77e30eb1f272f5c6f2c3d650d6,1512,2327
pass-03,110,wall_south_west_line_03,wall_line,wall_south_west,3,Printed wall-line sample 3/3 for south west side.,,,false,330.30471105183392,1223.1231185491613,data/working/figure12/city_of_revelation_page_065.png,4f9ab63b94ac4c1a2ce2fe5217c2cb0542a6df77e30eb1f272f5c6f2c3d650d6,1512,2327
pass-03,111,wall_west_south_line_01,wall_line,wall_west_south,1,Printed wall-line sample 1/3 for west south side.,,,false,296.81019367791305,1187.9875830181149,data/working/figure12/city_of_revelation_page_065.png,4f9ab63b94ac4c1a2ce2fe5217c2cb0542a6df77e30eb1f272f5c6f2c3d650d6,1512,2327
pass-03,112,wall_west_south_line_02,wall_line,wall_west_south,2,Printed wall-line sample 2/3 for west south side.,,,false,256.71915077652284,1119.4448322512219,data/working/figure12/city_of_revelation_page_065.png,4f9ab63b94ac4c1a2ce2fe5217c2cb0542a6df77e30eb1f272f5c6f2c3d650d6,1512,2327
pass-03,113,wall_west_south_line_03,wall_line,wall_west_south,3,Printed wall-line sample 3/3 for west south side.,,,false,164.89772993785482,959.08066064566094,data/working/figure12/city_of_revelation_page_065.png,4f9ab63b94ac4c1a2ce2fe5217c2cb0542a6df77e30eb1f272f5c6f2c3d650d6,1512,2327
pass-03,114,wall_west_line_01,wall_line,wall_west,1,Printed wall-line sample 1/3 for west side.,,,false,148.08535710823958,889.24465043033604,data/working/figure12/city_of_revelation_page_065.png,4f9ab63b94ac4c1a2ce2fe5217c2cb0542a6df77e30eb1f272f5c6f2c3d650d6,1512,2327
pass-03,115,wall_west_line_02,wall_line,wall_west,2,Printed wall-line sample 2/3 for west side.,,,false,149.37861655667143,677.15010088749739,data/working/figure12/city_of_revelation_page_065.png,4f9ab63b94ac4c1a2ce2fe5217c2cb0542a6df77e30eb1f272f5c6f2c3d650d6,1512,2327
pass-03,116,wall_west_line_03,wall_line,wall_west,3,Printed wall-line sample 3/3 for west side.,,,false,151.96513545353537,618.95342570805997,data/working/figure12/city_of_revelation_page_065.png,4f9ab63b94ac4c1a2ce2fe5217c2cb0542a6df77e30eb1f272f5c6f2c3d650d6,1512,2327
pass-03,117,wall_west_north_line_01,wall_line,wall_west_north,1,Printed wall-line sample 1/3 for west north side.,,,false,170.07076773158269,558.17023163175861,data/working/figure12/city_of_revelation_page_065.png,4f9ab63b94ac4c1a2ce2fe5217c2cb0542a6df77e30eb1f272f5c6f2c3d650d6,1512,2327
pass-03,118,wall_west_north_line_02,wall_line,wall_west_north,2,Printed wall-line sample 2/3 for west north side.,,,false,261.89218857025071,414.6184328558129,data/working/figure12/city_of_revelation_page_065.png,4f9ab63b94ac4c1a2ce2fe5217c2cb0542a6df77e30eb1f272f5c6f2c3d650d6,1512,2327
pass-03,119,wall_west_north_line_03,wall_line,wall_west_north,3,Printed wall-line sample 3/3 for west north side.,,,false,305.86300981693671,344.78242264048799,data/working/figure12/city_of_revelation_page_065.png,4f9ab63b94ac4c1a2ce2fe5217c2cb0542a6df77e30eb1f272f5c6f2c3d650d6,1512,2327
