pass_id,endpoint_index,endpoint_id,candidate_step,candidate_notation,ray_0_target_id,ray_1_target_id,ray_0_angular_residual_degrees,ray_1_angular_residual_degrees,pair_rms_degrees,pair_maximum_degrees,endpoint_pass_winner
pass-01,0,star_endpoint_00_top,1,perimeter,star_endpoint_01_upper_left,star_endpoint_06_upper_right,26.303470935505,27.132365302785,26.721132369145,27.132365302785,false
pass-01,0,star_endpoint_00_top,2,{7/2},star_endpoint_02_lower_left,star_endpoint_05_lower_right,0.377688563472,1.365561687927,1.001850132134,1.365561687927,true
pass-01,0,star_endpoint_00_top,3,{7/3},star_endpoint_03_bottom_left,star_endpoint_04_bottom_right,25.239855588284,24.453279034722,24.849679733021,25.239855588284,false
pass-01,1,star_endpoint_01_upper_left,1,perimeter,star_endpoint_02_lower_left,star_endpoint_00_top,27.924530204499,24.154523283943,26.107665370696,27.924530204499,false
pass-01,1,star_endpoint_01_upper_left,2,{7/2},star_endpoint_03_bottom_left,star_endpoint_06_upper_right,2.344139417426,1.483172526342,1.961477804007,2.344139417426,true
pass-01,1,star_endpoint_01_upper_left,3,{7/3},star_endpoint_04_bottom_right,star_endpoint_05_lower_right,23.408255629748,27.124346988419,25.334528130358,27.124346988419,false
pass-01,2,star_endpoint_02_lower_left,1,perimeter,star_endpoint_01_upper_left,star_endpoint_03_bottom_left,26.264870559821,27.762304445023,27.023961345649,27.762304445023,false
pass-01,2,star_endpoint_02_lower_left,2,{7/2},star_endpoint_00_top,star_endpoint_04_bottom_right,0.598242990139,1.913153227020,1.417400780532,1.913153227020,true
pass-01,2,star_endpoint_02_lower_left,3,{7/3},star_endpoint_06_upper_right,star_endpoint_05_lower_right,25.101806896387,23.859892105794,24.488723535166,25.101806896387,false
pass-01,3,star_endpoint_03_bottom_left,1,perimeter,star_endpoint_02_lower_left,star_endpoint_04_bottom_right,26.991708728568,26.276587914931,26.636548317481,26.991708728568,false
pass-01,3,star_endpoint_03_bottom_left,2,{7/2},star_endpoint_01_upper_left,star_endpoint_05_lower_right,1.150472327538,0.627908371383,0.926783550589,1.150472327538,true
pass-01,3,star_endpoint_03_bottom_left,3,{7/3},star_endpoint_00_top,star_endpoint_06_upper_right,24.479001877459,24.888205633635,24.684451711338,24.888205633635,false
pass-01,4,star_endpoint_04_bottom_right,1,perimeter,star_endpoint_05_lower_right,star_endpoint_03_bottom_left,25.436209962245,27.345207336047,26.407964153781,27.345207336047,false
pass-01,4,star_endpoint_04_bottom_right,2,{7/2},star_endpoint_06_upper_right,star_endpoint_02_lower_left,0.111571059266,1.549459707737,1.098470183293,1.549459707737,true
pass-01,4,star_endpoint_04_bottom_right,3,{7/3},star_endpoint_00_top,star_endpoint_01_upper_left,25.935150507897,24.388532864121,25.173722084066,25.935150507897,false
pass-01,5,star_endpoint_05_lower_right,1,perimeter,star_endpoint_06_upper_right,star_endpoint_04_bottom_right,26.810205551573,25.620774570502,26.222234947751,26.810205551573,false
pass-01,5,star_endpoint_05_lower_right,2,{7/2},star_endpoint_00_top,star_endpoint_03_bottom_left,0.888252873412,0.050871818145,0.629118871521,0.888252873412,true
pass-01,5,star_endpoint_05_lower_right,3,{7/3},star_endpoint_01_upper_left,star_endpoint_02_lower_left,24.765157389388,25.620510020911,25.196463583733,25.620510020911,false
pass-01,6,star_endpoint_06_upper_right,1,perimeter,star_endpoint_00_top,star_endpoint_05_lower_right,25.222472143043,25.923618460580,25.575448139733,25.923618460580,false
pass-01,6,star_endpoint_06_upper_right,2,{7/2},star_endpoint_01_upper_left,star_endpoint_04_bottom_right,0.305308966979,0.203150967453,0.259310509713,0.305308966979,true
pass-01,6,star_endpoint_06_upper_right,3,{7/3},star_endpoint_02_lower_left,star_endpoint_03_bottom_left,26.168737262768,25.398418801401,25.786454656846,26.168737262768,false
pass-02,0,star_endpoint_00_top,1,perimeter,star_endpoint_01_upper_left,star_endpoint_06_upper_right,26.769228146933,27.057771441077,26.913886480218,27.057771441077,false
pass-02,0,star_endpoint_00_top,2,{7/2},star_endpoint_02_lower_left,star_endpoint_05_lower_right,0.843445774900,1.290967826219,1.090412468640,1.290967826219,true
pass-02,0,star_endpoint_00_top,3,{7/3},star_endpoint_03_bottom_left,star_endpoint_04_bottom_right,24.774098376856,24.527872896430,24.651293061517,24.774098376856,false
pass-02,1,star_endpoint_01_upper_left,1,perimeter,star_endpoint_02_lower_left,star_endpoint_00_top,27.869920559922,24.090808897253,26.048987939461,27.869920559922,false
pass-02,1,star_endpoint_01_upper_left,2,{7/2},star_endpoint_03_bottom_left,star_endpoint_06_upper_right,2.289529772850,1.546886913031,1.953817507148,2.289529772850,true
pass-02,1,star_endpoint_01_upper_left,3,{7/3},star_endpoint_04_bottom_right,star_endpoint_05_lower_right,23.462865274325,27.188061375109,25.393864694231,27.188061375109,false
pass-02,2,star_endpoint_02_lower_left,1,perimeter,star_endpoint_01_upper_left,star_endpoint_03_bottom_left,26.440143028817,28.615104635716,27.549095962456,28.615104635716,false
pass-02,2,star_endpoint_02_lower_left,2,{7/2},star_endpoint_00_top,star_endpoint_04_bottom_right,0.773515459135,2.765953417713,2.030864898815,2.765953417713,true
pass-02,2,star_endpoint_02_lower_left,3,{7/3},star_endpoint_06_upper_right,star_endpoint_05_lower_right,24.926534427391,23.007091915101,23.986020897075,24.926534427391,false
pass-02,3,star_endpoint_03_bottom_left,1,perimeter,star_endpoint_02_lower_left,star_endpoint_04_bottom_right,26.897262632934,25.858085387549,26.382790954094,26.897262632934,false
pass-02,3,star_endpoint_03_bottom_left,2,{7/2},star_endpoint_01_upper_left,star_endpoint_05_lower_right,1.056026231904,0.209405843999,0.761262835678,1.056026231904,true
pass-02,3,star_endpoint_03_bottom_left,3,{7/3},star_endpoint_00_top,star_endpoint_06_upper_right,24.573447973093,25.306708161017,24.942772733131,25.306708161017,false
pass-02,4,star_endpoint_04_bottom_right,1,perimeter,star_endpoint_05_lower_right,star_endpoint_03_bottom_left,25.749462660220,27.336982664130,26.555088481014,27.336982664130,false
pass-02,4,star_endpoint_04_bottom_right,2,{7/2},star_endpoint_06_upper_right,star_endpoint_02_lower_left,0.201681638712,1.541235035820,1.099108938875,1.541235035820,true
pass-02,4,star_endpoint_04_bottom_right,3,{7/3},star_endpoint_00_top,star_endpoint_01_upper_left,25.621897809922,24.396757536039,25.016828592513,25.621897809922,false
pass-02,5,star_endpoint_05_lower_right,1,perimeter,star_endpoint_06_upper_right,star_endpoint_04_bottom_right,27.045259956231,26.605833107715,26.826446293310,27.045259956231,false
pass-02,5,star_endpoint_05_lower_right,2,{7/2},star_endpoint_00_top,star_endpoint_03_bottom_left,1.123307278070,1.035930355347,1.080502416030,1.123307278070,true
pass-02,5,star_endpoint_05_lower_right,3,{7/3},star_endpoint_01_upper_left,star_endpoint_02_lower_left,24.530102984730,24.635451483699,24.582833667492,24.635451483699,false
pass-02,6,star_endpoint_06_upper_right,1,perimeter,star_endpoint_00_top,star_endpoint_05_lower_right,24.673724321115,26.491988134604,25.599004933770,26.491988134604,false
pass-02,6,star_endpoint_06_upper_right,2,{7/2},star_endpoint_01_upper_left,star_endpoint_04_bottom_right,0.854056788906,0.771520641479,0.813835701756,0.854056788906,true
pass-02,6,star_endpoint_06_upper_right,3,{7/3},star_endpoint_02_lower_left,star_endpoint_03_bottom_left,26.717485084696,24.830049127378,25.791038646388,26.717485084696,false
pass-03,0,star_endpoint_00_top,1,perimeter,star_endpoint_01_upper_left,star_endpoint_06_upper_right,26.367721335669,26.989494868899,26.680419428054,26.989494868899,false
pass-03,0,star_endpoint_00_top,2,{7/2},star_endpoint_02_lower_left,star_endpoint_05_lower_right,0.441938963637,1.222691254041,0.919316036597,1.222691254041,true
pass-03,0,star_endpoint_00_top,3,{7/3},star_endpoint_03_bottom_left,star_endpoint_04_bottom_right,25.175605188120,24.596149468608,24.887563814787,25.175605188120,false
pass-03,1,star_endpoint_01_upper_left,1,perimeter,star_endpoint_02_lower_left,star_endpoint_00_top,27.878948230665,24.102094770480,26.059036117759,27.878948230665,false
pass-03,1,star_endpoint_01_upper_left,2,{7/2},star_endpoint_03_bottom_left,star_endpoint_06_upper_right,2.298557443593,1.535601039805,1.954665812223,2.298557443593,true
pass-03,1,star_endpoint_01_upper_left,3,{7/3},star_endpoint_04_bottom_right,star_endpoint_05_lower_right,23.453837603582,27.176775501882,25.383652465858,27.176775501882,false
pass-03,2,star_endpoint_02_lower_left,1,perimeter,star_endpoint_01_upper_left,star_endpoint_03_bottom_left,25.738677548431,28.126102388437,26.958831182999,28.126102388437,false
pass-03,2,star_endpoint_02_lower_left,2,{7/2},star_endpoint_00_top,star_endpoint_04_bottom_right,0.072049978744,2.276951170433,1.610853474400,2.276951170433,true
pass-03,2,star_endpoint_02_lower_left,3,{7/3},star_endpoint_06_upper_right,star_endpoint_05_lower_right,25.627999907777,23.496094162380,24.585166464359,25.627999907777,false
pass-03,3,star_endpoint_03_bottom_left,1,perimeter,star_endpoint_02_lower_left,star_endpoint_04_bottom_right,26.613878938100,26.401771667526,26.508037453912,26.613878938100,false
pass-03,3,star_endpoint_03_bottom_left,2,{7/2},star_endpoint_01_upper_left,star_endpoint_05_lower_right,0.772642537070,0.753092123978,0.762929956578,0.772642537070,true
pass-03,3,star_endpoint_03_bottom_left,3,{7/3},star_endpoint_00_top,star_endpoint_06_upper_right,24.856831667927,24.763021881040,24.809971112927,24.856831667927,false
pass-03,4,star_endpoint_04_bottom_right,1,perimeter,star_endpoint_05_lower_right,star_endpoint_03_bottom_left,25.362641349690,27.479370244186,26.442195117369,27.479370244186,false
pass-03,4,star_endpoint_04_bottom_right,2,{7/2},star_endpoint_06_upper_right,star_endpoint_02_lower_left,0.185139671815,1.683622615876,1.197677296013,1.683622615876,true
pass-03,4,star_endpoint_04_bottom_right,3,{7/3},star_endpoint_00_top,star_endpoint_01_upper_left,26.008719120452,24.254369955983,25.146848035571,26.008719120452,false
pass-03,5,star_endpoint_05_lower_right,1,perimeter,star_endpoint_06_upper_right,star_endpoint_04_bottom_right,27.218131768180,26.309418845376,26.767631730613,27.218131768180,false
pass-03,5,star_endpoint_05_lower_right,2,{7/2},star_endpoint_00_top,star_endpoint_03_bottom_left,1.296179090019,0.739516093008,1.055216633024,1.296179090019,true
pass-03,5,star_endpoint_05_lower_right,3,{7/3},star_endpoint_01_upper_left,star_endpoint_02_lower_left,24.357231172780,24.931865746038,24.646223239907,24.931865746038,false
pass-03,6,star_endpoint_06_upper_right,1,perimeter,star_endpoint_00_top,star_endpoint_05_lower_right,25.515118399581,26.323249994100,25.922333587050,26.323249994100,false
pass-03,6,star_endpoint_06_upper_right,2,{7/2},star_endpoint_01_upper_left,star_endpoint_04_bottom_right,0.012662710465,0.602782500977,0.426325631249,0.602782500977,true
pass-03,6,star_endpoint_06_upper_right,3,{7/3},star_endpoint_02_lower_left,star_endpoint_03_bottom_left,25.876091006229,24.998787267881,25.441220987085,25.876091006229,false
